{
    "_number": 1,
    "closed_nodes": 41,
    "coll_check_percentage": 82.477316090411,
    "coord_tolerance": 0.1,
    "g_cost": 5.620049730161468,
    "g_units": 15,
    "opened_nodes": 219,
    "total_time": 0.063014603,
    "turn_number": 40
}{
    "_number": 2,
    "closed_nodes": 8,
    "coll_check_percentage": 23.08445409934812,
    "coord_tolerance": 0.1,
    "g_cost": 1.2527128854004441,
    "g_units": 15,
    "opened_nodes": 38,
    "total_time": 0.030733113,
    "turn_number": 7
}{
    "_number": 3,
    "closed_nodes": 4,
    "coll_check_percentage": 80.95324917838839,
    "coord_tolerance": 0.1,
    "g_cost": 1.6692833943996788,
    "g_units": 15,
    "opened_nodes": 18,
    "total_time": 0.004173022,
    "turn_number": 3
}{
    "_number": 4,
    "closed_nodes": 58,
    "coll_check_percentage": 84.06072028706784,
    "coord_tolerance": 0.1,
    "g_cost": 2.227906390986002,
    "g_units": 15,
    "opened_nodes": 260,
    "total_time": 0.06972991,
    "turn_number": 57
}{
    "_number": 5,
    "closed_nodes": 5,
    "coll_check_percentage": 82.12477433534868,
    "coord_tolerance": 0.1,
    "g_cost": 0.8350545295863532,
    "g_units": 15,
    "opened_nodes": 27,
    "total_time": 0.004795588,
    "turn_number": 4
}{
    "_number": 6,
    "closed_nodes": 15,
    "coll_check_percentage": 84.04888008211147,
    "coord_tolerance": 0.1,
    "g_cost": 4.017619263946125,
    "g_units": 15,
    "opened_nodes": 89,
    "total_time": 0.017020671,
    "turn_number": 14
}{
    "_number": 7,
    "closed_nodes": 1463,
    "coll_check_percentage": 77.56220028165862,
    "coord_tolerance": 0.1,
    "g_cost": 5.333431738747612,
    "g_units": 15,
    "opened_nodes": 3459,
    "total_time": 2.093971721,
    "turn_number": 1462
}{
    "_number": 8,
    "closed_nodes": 58,
    "coll_check_percentage": 82.81788987654879,
    "coord_tolerance": 0.1,
    "g_cost": 4.87761285896932,
    "g_units": 15,
    "opened_nodes": 326,
    "total_time": 0.081707877,
    "turn_number": 57
}{
    "_number": 9,
    "closed_nodes": 49,
    "coll_check_percentage": 83.39330233248477,
    "coord_tolerance": 0.1,
    "g_cost": 2.2235936117604647,
    "g_units": 15,
    "opened_nodes": 167,
    "total_time": 0.058613611,
    "turn_number": 48
}{
    "_number": 10,
    "closed_nodes": 69,
    "coll_check_percentage": 83.70183798813432,
    "coord_tolerance": 0.1,
    "g_cost": 4.533060548165552,
    "g_units": 15,
    "opened_nodes": 301,
    "total_time": 0.083164086,
    "turn_number": 68
}{
    "_number": 11,
    "closed_nodes": 23,
    "coll_check_percentage": 82.62849661760323,
    "coord_tolerance": 0.1,
    "g_cost": 4.448784932661719,
    "g_units": 15,
    "opened_nodes": 138,
    "total_time": 0.031484049,
    "turn_number": 22
}{
    "_number": 12,
    "closed_nodes": 35,
    "coll_check_percentage": 84.46761238822526,
    "coord_tolerance": 0.1,
    "g_cost": 3.9702917585847866,
    "g_units": 15,
    "opened_nodes": 190,
    "total_time": 0.064425886,
    "turn_number": 34
}{
    "_number": 13,
    "closed_nodes": 18,
    "coll_check_percentage": 82.46899461532932,
    "coord_tolerance": 0.1,
    "g_cost": 2.2996261918883762,
    "g_units": 15,
    "opened_nodes": 106,
    "total_time": 0.023953801,
    "turn_number": 17
}{
    "_number": 14,
    "closed_nodes": 136,
    "coll_check_percentage": 82.6461215016239,
    "coord_tolerance": 0.1,
    "g_cost": 3.27021656470853,
    "g_units": 15,
    "opened_nodes": 573,
    "total_time": 0.198712228,
    "turn_number": 135
}{
    "_number": 15,
    "closed_nodes": 82,
    "coll_check_percentage": 83.0710906306035,
    "coord_tolerance": 0.1,
    "g_cost": 3.4766773347718773,
    "g_units": 15,
    "opened_nodes": 373,
    "total_time": 0.1384709,
    "turn_number": 81
}{
    "_number": 16,
    "closed_nodes": 18,
    "coll_check_percentage": 82.87149363360557,
    "coord_tolerance": 0.1,
    "g_cost": 2.088386625106189,
    "g_units": 15,
    "opened_nodes": 68,
    "total_time": 0.039569797,
    "turn_number": 17
}{
    "_number": 17,
    "closed_nodes": 196,
    "coll_check_percentage": 81.38183321491019,
    "coord_tolerance": 0.1,
    "g_cost": 5.426461526019483,
    "g_units": 15,
    "opened_nodes": 765,
    "total_time": 0.296822884,
    "turn_number": 195
}{
    "_number": 18,
    "closed_nodes": 73,
    "coll_check_percentage": 81.9955980954571,
    "coord_tolerance": 0.1,
    "g_cost": 4.7661788023137985,
    "g_units": 15,
    "opened_nodes": 336,
    "total_time": 0.105139195,
    "turn_number": 72
}{
    "_number": 19,
    "closed_nodes": 491,
    "coll_check_percentage": 77.37708219140642,
    "coord_tolerance": 0.1,
    "g_cost": 5.216775741141237,
    "g_units": 15,
    "opened_nodes": 1189,
    "total_time": 0.674872687,
    "turn_number": 490
}{
    "_number": 20,
    "closed_nodes": 9,
    "coll_check_percentage": 82.38132462423337,
    "coord_tolerance": 0.1,
    "g_cost": 3.3371297574395293,
    "g_units": 15,
    "opened_nodes": 54,
    "total_time": 0.018801687,
    "turn_number": 8
}{
    "_number": 21,
    "closed_nodes": 19,
    "coll_check_percentage": 83.45184626613636,
    "coord_tolerance": 0.1,
    "g_cost": 4.247679825723369,
    "g_units": 15,
    "opened_nodes": 116,
    "total_time": 0.042792957,
    "turn_number": 18
}{
    "_number": 22,
    "closed_nodes": 113,
    "coll_check_percentage": 83.31770923575498,
    "coord_tolerance": 0.1,
    "g_cost": 2.9975156186819203,
    "g_units": 15,
    "opened_nodes": 504,
    "total_time": 0.183347801,
    "turn_number": 112
}{
    "_number": 23,
    "closed_nodes": 43,
    "coll_check_percentage": 82.12321835584,
    "coord_tolerance": 0.1,
    "g_cost": 4.171245032132279,
    "g_units": 15,
    "opened_nodes": 216,
    "total_time": 0.054094325,
    "turn_number": 42
}{
    "_number": 24,
    "closed_nodes": 18,
    "coll_check_percentage": 81.92906868409793,
    "coord_tolerance": 0.1,
    "g_cost": 5.64445536817163,
    "g_units": 15,
    "opened_nodes": 106,
    "total_time": 0.02500755,
    "turn_number": 17
}{
    "_number": 25,
    "closed_nodes": 49,
    "coll_check_percentage": 81.79419648416585,
    "coord_tolerance": 0.1,
    "g_cost": 2.44627451914902,
    "g_units": 15,
    "opened_nodes": 221,
    "total_time": 0.066737205,
    "turn_number": 48
}{
    "_number": 26,
    "closed_nodes": 4038,
    "coll_check_percentage": 69.8367550551952,
    "coord_tolerance": 0.1,
    "g_cost": 7.319440199778224,
    "g_units": 15,
    "opened_nodes": 7353,
    "total_time": 6.413877864,
    "turn_number": 4037
}{
    "_number": 27,
    "closed_nodes": 35,
    "coll_check_percentage": 84.01234124766603,
    "coord_tolerance": 0.1,
    "g_cost": 6.587505584247591,
    "g_units": 15,
    "opened_nodes": 160,
    "total_time": 0.090794123,
    "turn_number": 34
}{
    "_number": 30,
    "closed_nodes": 4742,
    "coll_check_percentage": 66.16993588936685,
    "coord_tolerance": 0.1,
    "g_cost": 9.247162353959467,
    "g_units": 15,
    "opened_nodes": 9580,
    "total_time": 10.374812436,
    "turn_number": 4741
}{
    "_number": 31,
    "closed_nodes": 11019,
    "coll_check_percentage": 53.855314086309626,
    "coord_tolerance": 0.1,
    "g_cost": 8.125628450539255,
    "g_units": 15,
    "opened_nodes": 18912,
    "total_time": 29.302429238,
    "turn_number": 11018
}{
    "_number": 32,
    "closed_nodes": 6069,
    "coll_check_percentage": 60.70099052994294,
    "coord_tolerance": 0.1,
    "g_cost": 7.13495366596096,
    "g_units": 15,
    "opened_nodes": 11435,
    "total_time": 15.600087385,
    "turn_number": 6068
}{
    "_number": 33,
    "closed_nodes": 22,
    "coll_check_percentage": 81.66001227123893,
    "coord_tolerance": 0.1,
    "g_cost": 4.022410465148625,
    "g_units": 15,
    "opened_nodes": 131,
    "total_time": 0.03612265,
    "turn_number": 21
}{
    "_number": 34,
    "closed_nodes": 55,
    "coll_check_percentage": 81.84280619523476,
    "coord_tolerance": 0.1,
    "g_cost": 4.6164621498868845,
    "g_units": 15,