{
    "_number": 1,
    "closed_nodes": 24,
    "coll_check_percentage": 90.370243399168,
    "coord_tolerance": 0.1,
    "g_cost": 2.299556363680838,
    "g_units": 15,
    "opened_nodes": 104,
    "total_time": 0.056191087,
    "turn_number": 23
}{
    "_number": 2,
    "closed_nodes": 87,
    "coll_check_percentage": 90.20071393551474,
    "coord_tolerance": 0.1,
    "g_cost": 3.005994320186903,
    "g_units": 15,
    "opened_nodes": 269,
    "total_time": 0.211570374,
    "turn_number": 86
}{
    "_number": 3,
    "closed_nodes": 35,
    "coll_check_percentage": 90.15906274882038,
    "coord_tolerance": 0.1,
    "g_cost": 3.129892106551499,
    "g_units": 15,
    "opened_nodes": 133,
    "total_time": 0.079045234,
    "turn_number": 34
}{
    "_number": 4,
    "closed_nodes": 435,
    "coll_check_percentage": 89.34955734213288,
    "coord_tolerance": 0.1,
    "g_cost": 3.7119194196750747,
    "g_units": 15,
    "opened_nodes": 1006,
    "total_time": 1.054893012,
    "turn_number": 434
}{
    "_number": 5,
    "closed_nodes": 39,
    "coll_check_percentage": 89.37315697388237,
    "coord_tolerance": 0.1,
    "g_cost": 3.2397359120206244,
    "g_units": 15,
    "opened_nodes": 126,
    "total_time": 0.089177415,
    "turn_number": 38
}{
    "_number": 6,
    "closed_nodes": 4400,
    "coll_check_percentage": 80.93413734616,
    "coord_tolerance": 0.1,
    "g_cost": 6.112731199534859,
    "g_units": 15,
    "opened_nodes": 9016,
    "total_time": 12.0260435,
    "turn_number": 4399
}{
    "_number": 7,
    "closed_nodes": 1874,
    "coll_check_percentage": 85.54612351029581,
    "coord_tolerance": 0.1,
    "g_cost": 6.025624773012434,
    "g_units": 15,
    "opened_nodes": 3968,
    "total_time": 4.791811016,
    "turn_number": 1873
}{
    "_number": 8,
    "closed_nodes": 1227,
    "coll_check_percentage": 84.94893561927539,
    "coord_tolerance": 0.1,
    "g_cost": 6.20882936934571,
    "g_units": 15,
    "opened_nodes": 2829,
    "total_time": 3.206553882,
    "turn_number": 1226
}{
    "_number": 9,
    "closed_nodes": 5783,
    "coll_check_percentage": 78.18367599810074,
    "coord_tolerance": 0.1,
    "g_cost": 7.454347921026611,
    "g_units": 15,
    "opened_nodes": 9544,
    "total_time": 16.297192006,
    "turn_number": 5782
}{
    "_number": 10,
    "closed_nodes": 786,
    "coll_check_percentage": 82.93007350325341,
    "coord_tolerance": 0.1,
    "g_cost": 5.774763508788084,
    "g_units": 15,
    "opened_nodes": 1741,
    "total_time": 1.232720465,
    "turn_number": 785
}{
    "_number": 11,
    "closed_nodes": 38,
    "coll_check_percentage": 90.01773954771096,
    "coord_tolerance": 0.1,
    "g_cost": 2.137435303334807,
    "g_units": 15,
    "opened_nodes": 156,
    "total_time": 0.09119628,
    "turn_number": 37
}{
    "_number": 12,
    "closed_nodes": 61,
    "coll_check_percentage": 89.93836906991592,
    "coord_tolerance": 0.1,
    "g_cost": 4.8865440112336,
    "g_units": 15,
    "opened_nodes": 307,
    "total_time": 0.148571756,
    "turn_number": 60
}{
    "_number": 13,
    "closed_nodes": 12,
    "coll_check_percentage": 80.47546024135724,
    "coord_tolerance": 0.1,
    "g_cost": 1.868486579268505,
    "g_units": 15,
    "opened_nodes": 52,
    "total_time": 0.02998611,
    "turn_number": 11
}{
    "_number": 14,
    "closed_nodes": 103,
    "coll_check_percentage": 84.52763075264265,
    "coord_tolerance": 0.1,
    "g_cost": 4.536114321697166,
    "g_units": 15,
    "opened_nodes": 443,
    "total_time": 0.164179139,
    "turn_number": 102
}{
    "_number": 15,
    "closed_nodes": 67,
    "coll_check_percentage": 91.32675468281363,
    "coord_tolerance": 0.1,
    "g_cost": 4.282002399334388,
    "g_units": 15,
    "opened_nodes": 307,
    "total_time": 0.194619812,
    "turn_number": 66
}{
    "_number": 16,
    "closed_nodes": 19,
    "coll_check_percentage": 90.50225195388263,
    "coord_tolerance": 0.1,
    "g_cost": 1.857710427216641,
    "g_units": 15,
    "opened_nodes": 86,
    "total_time": 0.057186217,
    "turn_number": 18
}{
    "_number": 17,
    "closed_nodes": 57,
    "coll_check_percentage": 91.67060324685326,
    "coord_tolerance": 0.1,
    "g_cost": 5.744093770317704,
    "g_units": 15,
    "opened_nodes": 209,
    "total_time": 0.155311062,
    "turn_number": 56
}{
    "_number": 18,
    "closed_nodes": 860,
    "coll_check_percentage": 88.51835033440281,
    "coord_tolerance": 0.1,
    "g_cost": 4.760330166347568,
    "g_units": 15,
    "opened_nodes": 2275,
    "total_time": 2.298154712,
    "turn_number": 859
}{
    "_number": 19,
    "closed_nodes": 2628,
    "coll_check_percentage": 84.62222691852156,
    "coord_tolerance": 0.1,
    "g_cost": 7.080118581900815,
    "g_units": 15,
    "opened_nodes": 5346,
    "total_time": 6.991376052,
    "turn_number": 2627
}{
    "_number": 20,
    "closed_nodes": 5417,
    "coll_check_percentage": 78.44941582736507,
    "coord_tolerance": 0.1,
    "g_cost": 6.996143323996494,
    "g_units": 15,
    "opened_nodes": 11249,
    "total_time": 15.38717382,
    "turn_number": 5416
}{
    "_number": 21,
    "closed_nodes": 21634,
    "coll_check_percentage": 58.030784411157995,
    "coord_tolerance": 0.1,
    "g_cost": 8.203467133682198,
    "g_units": 15,
    "opened_nodes": 34341,
    "total_time": 80.419223181,
    "turn_number": 21633
}{
    "_number": 22,
    "closed_nodes": 19,
    "coll_check_percentage": 89.74190281190744,
    "coord_tolerance": 0.1,
    "g_cost": 2.5717219653098136,
    "g_units": 15,
    "opened_nodes": 69,
    "total_time": 0.041903207,
    "turn_number": 18
}{
    "_number": 23,
    "closed_nodes": 6243,
    "coll_check_percentage": 78.1803848083561,
    "coord_tolerance": 0.1,
    "g_cost": 7.982170691104468,
    "g_units": 15,
    "opened_nodes": 11059,
    "total_time": 18.595530904,
    "turn_number": 6242
}{
    "_number": 24,
    "closed_nodes": 507,
    "coll_check_percentage": 88.354663666129,
    "coord_tolerance": 0.1,
    "g_cost": 4.805891006218513,
    "g_units": 15,
    "opened_nodes": 1562,
    "total_time": 1.361139234,
    "turn_number": 506
}{
    "_number": 25,
    "closed_nodes": 657,
    "coll_check_percentage": 88.34672933510241,
    "coord_tolerance": 0.1,
    "g_cost": 5.9687033893872,
    "g_units": 15,
    "opened_nodes": 1707,
    "total_time": 1.789987269,
    "turn_number": 656
}{
    "_number": 26,
    "closed_nodes": 18,
    "coll_check_percentage": 90.05183366258002,
    "coord_tolerance": 0.1,
    "g_cost": 3.1872240897931015,
    "g_units": 15,
    "opened_nodes": 76,
    "total_time": 0.040493162,
    "turn_number": 17
}{
    "_number": 27,
    "closed_nodes": 343,
    "coll_check_percentage": 90.34289702744124,
    "coord_tolerance": 0.1,
    "g_cost": 5.823497635290966,
    "g_units": 15,
    "opened_nodes": 995,
    "total_time": 0.928363791,
    "turn_number": 342
}{
    "_number": 28,
    "closed_nodes": 24,
    "coll_check_percentage": 89.96936387015235,
    "coord_tolerance": 0.1,
    "g_cost": 3.8080652514261444,
    "g_units": 15,
    "opened_nodes": 94,
    "total_time": 0.0590589,
    "turn_number": 23
}{
    "_number": 29,
    "closed_nodes": 51,
    "coll_check_percentage": 90.31958779146532,
    "coord_tolerance": 0.1,
    "g_cost": 1.7389825801105527,
    "g_units": 15,
    "opened_nodes": 181,
    "total_time": 0.129911688,
    "turn_number": 50
}{
    "_number": 30,
    "closed_nodes": 65,
    "coll_check_percentage": 90.74841579941312,
    "coord_tolerance": 0.1,
    "g_cost": 4.395206448663956,
    "g_units": 15,
    "opened_nodes": 310,
    "total_time": 0.165050806,
    "turn_number": 64
}{
    "_number": 31,
    "closed_nodes": 42,
    "coll_check_percentage": 90.39961971378949,
    "coord_tolerance": 0.1,
    "g_cost": 3.3402706116850966,
    "g_units": 15,
    "opened_nodes": 211,
    "total_time": 0.106955989,
    "turn_number": 41
}{
    "_number": 32,
    "closed_nodes": 1231,
    "coll_check_percentage": 87.07127625781756,
    "coord_tolerance": 0.1,