{
    "_number": 1,
    "closed_nodes": 2,
    "coll_check_percentage": 76.1951402016383,
    "coord_tolerance": 0.1,
    "g_cost": 0.6266397592150841,
    "g_units": 15,
    "opened_nodes": 6,
    "total_time": 0.002537566,
    "turn_number": 1
}{
    "_number": 2,
    "closed_nodes": 50,
    "coll_check_percentage": 86.18335006635427,
    "coord_tolerance": 0.1,
    "g_cost": 1.7728692103364094,
    "g_units": 15,
    "opened_nodes": 172,
    "total_time": 0.089329348,
    "turn_number": 49
}{
    "_number": 3,
    "closed_nodes": 5,
    "coll_check_percentage": 83.93320052501151,
    "coord_tolerance": 0.1,
    "g_cost": 3.343703305061849,
    "g_units": 15,
    "opened_nodes": 28,
    "total_time": 0.008056205,
    "turn_number": 4
}{
    "_number": 4,
    "closed_nodes": 4,
    "coll_check_percentage": 75.58514201837924,
    "coord_tolerance": 0.1,
    "g_cost": 0.6267846840929794,
    "g_units": 15,
    "opened_nodes": 18,
    "total_time": 0.005656819,
    "turn_number": 3
}{
    "_number": 5,
    "closed_nodes": 18,
    "coll_check_percentage": 88.33004216878788,
    "coord_tolerance": 0.1,
    "g_cost": 1.8013040742547024,
    "g_units": 15,
    "opened_nodes": 72,
    "total_time": 0.030879594,
    "turn_number": 17
}{
    "_number": 6,
    "closed_nodes": 55,
    "coll_check_percentage": 87.47621802178591,
    "coord_tolerance": 0.1,
    "g_cost": 5.135540436802426,
    "g_units": 15,
    "opened_nodes": 268,
    "total_time": 0.092638242,
    "turn_number": 54
}{
    "_number": 7,
    "closed_nodes": 23,
    "coll_check_percentage": 82.58212566478285,
    "coord_tolerance": 0.1,
    "g_cost": 5.219291686455009,
    "g_units": 15,
    "opened_nodes": 139,
    "total_time": 0.048491818,
    "turn_number": 22
}{
    "_number": 8,
    "closed_nodes": 33,
    "coll_check_percentage": 87.2425363352401,
    "coord_tolerance": 0.1,
    "g_cost": 4.959858994417111,
    "g_units": 15,
    "opened_nodes": 154,
    "total_time": 0.061763127,
    "turn_number": 32
}{
    "_number": 9,
    "closed_nodes": 14,
    "coll_check_percentage": 86.73062660308874,
    "coord_tolerance": 0.1,
    "g_cost": 4.805061130072219,
    "g_units": 15,
    "opened_nodes": 68,
    "total_time": 0.025984798,
    "turn_number": 13
}{
    "_number": 10,
    "closed_nodes": 14,
    "coll_check_percentage": 86.20485086126841,
    "coord_tolerance": 0.1,
    "g_cost": 2.298396993453098,
    "g_units": 15,
    "opened_nodes": 76,
    "total_time": 0.028467315,
    "turn_number": 13
}{
    "_number": 11,
    "closed_nodes": 24,
    "coll_check_percentage": 87.03378739726911,
    "coord_tolerance": 0.1,
    "g_cost": 2.204649909014379,
    "g_units": 15,
    "opened_nodes": 98,
    "total_time": 0.042241061,
    "turn_number": 23
}{
    "_number": 12,
    "closed_nodes": 76,
    "coll_check_percentage": 86.48347653149658,
    "coord_tolerance": 0.1,
    "g_cost": 3.964651482180122,
    "g_units": 15,
    "opened_nodes": 305,
    "total_time": 0.146259323,
    "turn_number": 75
}{
    "_number": 13,
    "closed_nodes": 189,
    "coll_check_percentage": 85.99012525285893,
    "coord_tolerance": 0.1,
    "g_cost": 3.002798495475425,
    "g_units": 15,
    "opened_nodes": 699,
    "total_time": 0.399075667,
    "turn_number": 188
}{
    "_number": 14,
    "closed_nodes": 24,
    "coll_check_percentage": 86.59652868882992,
    "coord_tolerance": 0.1,
    "g_cost": 3.342363256815906,
    "g_units": 15,
    "opened_nodes": 130,
    "total_time": 0.04906023,
    "turn_number": 23
}{
    "_number": 15,
    "closed_nodes": 63,
    "coll_check_percentage": 86.87590552319907,
    "coord_tolerance": 0.1,
    "g_cost": 3.0557267766797302,
    "g_units": 15,
    "opened_nodes": 285,
    "total_time": 0.117265705,
    "turn_number": 62
}{
    "_number": 16,
    "closed_nodes": 20,
    "coll_check_percentage": 87.57945052535622,
    "coord_tolerance": 0.1,
    "g_cost": 2.646252298073707,
    "g_units": 15,
    "opened_nodes": 96,
    "total_time": 0.068520311,
    "turn_number": 19
}{
    "_number": 17,
    "closed_nodes": 16,
    "coll_check_percentage": 87.17811912654649,
    "coord_tolerance": 0.1,
    "g_cost": 2.658980498688459,
    "g_units": 15,
    "opened_nodes": 80,
    "total_time": 0.041771916,
    "turn_number": 15
}{
    "_number": 18,
    "closed_nodes": 1125,
    "coll_check_percentage": 83.53576314785549,
    "coord_tolerance": 0.1,
    "g_cost": 5.60640833092445,
    "g_units": 15,
    "opened_nodes": 2608,
    "total_time": 2.257181697,
    "turn_number": 1124
}{
    "_number": 19,
    "closed_nodes": 1125,
    "coll_check_percentage": 83.20324772172924,
    "coord_tolerance": 0.1,
    "g_cost": 5.60640833092445,
    "g_units": 15,
    "opened_nodes": 2608,
    "total_time": 2.144901099,
    "turn_number": 1124
}{
    "_number": 20,
    "closed_nodes": 38,
    "coll_check_percentage": 87.74619186177522,
    "coord_tolerance": 0.1,
    "g_cost": 3.1218193572119923,
    "g_units": 15,
    "opened_nodes": 136,
    "total_time": 0.066987034,
    "turn_number": 37
}{
    "_number": 21,
    "closed_nodes": 1672,
    "coll_check_percentage": 82.5053539399451,
    "coord_tolerance": 0.1,
    "g_cost": 6.014632480947637,
    "g_units": 15,
    "opened_nodes": 3467,
    "total_time": 3.143664676,
    "turn_number": 1671
}{
    "_number": 22,
    "closed_nodes": 2,
    "coll_check_percentage": 78.18983861148912,
    "coord_tolerance": 0.1,
    "g_cost": 0.6266397592150841,
    "g_units": 15,
    "opened_nodes": 6,
    "total_time": 0.002147546,
    "turn_number": 1
}{
    "_number": 23,
    "closed_nodes": 47,
    "coll_check_percentage": 86.76049885289628,
    "coord_tolerance": 0.1,
    "g_cost": 2.635376142024377,
    "g_units": 15,
    "opened_nodes": 225,
    "total_time": 0.086932398,
    "turn_number": 46
}{
    "_number": 24,
    "closed_nodes": 57,
    "coll_check_percentage": 85.57603631231349,
    "coord_tolerance": 0.1,
    "g_cost": 4.229715594864056,
    "g_units": 15,
    "opened_nodes": 322,
    "total_time": 0.103968019,
    "turn_number": 56
}{
    "_number": 25,
    "closed_nodes": 217,
    "coll_check_percentage": 86.68157540578876,
    "coord_tolerance": 0.1,
    "g_cost": 4.832054144083076,
    "g_units": 15,
    "opened_nodes": 745,
    "total_time": 0.398235717,
    "turn_number": 216
}{
    "_number": 26,
    "closed_nodes": 127,
    "coll_check_percentage": 87.59516081014296,
    "coord_tolerance": 0.1,
    "g_cost": 3.6532439257741047,
    "g_units": 15,
    "opened_nodes": 410,
    "total_time": 0.274506244,
    "turn_number": 126
}{
    "_number": 27,
    "closed_nodes": 17,
    "coll_check_percentage": 87.81484259331248,
    "coord_tolerance": 0.1,
    "g_cost": 2.6933311822562547,
    "g_units": 15,
    "opened_nodes": 83,
    "total_time": 0.054673052,
    "turn_number": 16
}{
    "_number": 28,
    "closed_nodes": 46,
    "coll_check_percentage": 86.15907792347636,
    "coord_tolerance": 0.1,
    "g_cost": 4.7792164093717195,
    "g_units": 15,
    "opened_nodes": 240,
    "total_time": 0.084710786,
    "turn_number": 45
}{
    "_number": 29,
    "closed_nodes": 15,
    "coll_check_percentage": 85.96768278115178,
    "coord_tolerance": 0.1,
    "g_cost": 3.2977289377071384,
    "g_units": 15,
    "opened_nodes": 63,
    "total_time": 0.025623075,
    "turn_number": 14
}{
    "_number": 30,
    "closed_nodes": 256,
    "coll_check_percentage": 86.64270689890326,
    "coord_tolerance": 0.1,
    "g_cost": 3.4651378633494248,
    "g_units": 15,
    "opened_nodes": 1000,
    "total_time": 0.543925759,
    "turn_number": 255
}{
    "_number": 31,
    "closed_nodes": 22,
    "coll_check_percentage": 87.3132515568312,
    "coord_tolerance": 0.1,
    "g_cost": 1.6703782704003813,
    "g_units": 15,
    "opened_nodes": 110,
    "total_time": 0.045998735,
    "turn_number": 21
}{
    "_number": 32,
    "closed_nodes": 60,
    "coll_check_percentage": 86.90934423585874,
    "coord_tolerance": 0.1,
    "g_cost": 3.794000636420961,
    "g_units": 15,